admin,admin
Colten,Colten
admin,admin
Colten,Colten
admin,admin
Colten,Colten
admin,admin
Colten,Colten
admin,admin
Colten,Colten
admin,admin
Colten,Colten
admin,admin
Colten,Colten
admin,admin
Colten,Colten
admin,admin
Colten,Colten
admin,admin
Colten,Colten
admin,admin
Colten,Colten
admin,admin
Colten,Colten
admin,admin
Colten,Colten
admin,admin
Colten,Colten
admin,admin
Colten,Colten
admin,admin
Colten,Colten
admin,admin
Colten,Colten
admin,admin
Colten,Colten
admin,admin
Colten,Colten
admin,admin
Colten,Colten
admin,admin
Colten,Colten
admin,admin
Colten,Colten
admin,admin
Colten,Colten
admin,admin
Colten,Colten
admin,admin
Colten,Colten
admin,admin
Colten,Colten
admin,admin
Colten,Colten
admin,admin
Colten,Colten
admin,admin
Colten,Colten
admin,admin
Colten,Colten
admin,admin
Colten,Colten
admin,admin
Colten,Colten
admin,admin
Colten,Colten
admin,admin
Colten,Colten
admin,admin
Colten,Colten
admin,admin
Colten,Colten
admin,admin
Colten,Colten
admin,admin
Colten,Colten
admin,admin
Colten,Colten
admin,admin
Colten,Colten
admin,admin
Colten,Colten
admin,admin
Colten,Colten
admin,admin
Colten,Colten
admin,admin
Colten,Colten
admin,admin
Colten,Colten
admin,admin
Colten,Colten
admin,admin
Colten,Colten
admin,admin
Colten,Colten
admin,admin
Colten,Colten
admin,admin
Colten,Colten
admin,admin
Colten,Colten
admin,admin
Colten,Colten
admin,admin
Colten,Colten
admin,admin
Colten,Colten
admin,admin
Colten,Colten
admin,admin
Colten,Colten
admin,admin
Colten,Colten
admin,admin
Colten,Colten
admin,admin
Colten,Colten
admin,admin
Colten,Colten
admin,admin
Colten,Colten
admin,admin
Colten,Colten
admin,admin
Colten,Colten
admin,admin
Colten,Colten
admin,admin
Colten,Colten
admin,admin
Colten,Colten
admin,admin
Colten,Colten
admin,admin
Colten,Colten
admin,admin
Colten,Colten
admin,admin
Colten,Colten
admin,admin
Colten,Colten
admin,admin
Colten,Colten
admin,admin
Colten,Colten
admin,admin
Colten,Colten
admin,admin
Colten,Colten
admin,admin
Colten,Colten
admin,admin
Colten,Colten
admin,admin
Colten,Colten
admin,admin
Colten,Colten
admin,admin
Colten,Colten
admin,admin
Colten,Colten
admin,admin
Colten,Colten
admin,admin
Colten,Colten
admin,admin
Colten,Colten
admin,admin
Colten,Colten
admin,admin
Colten,Colten
admin,admin
Colten,Colten
admin,admin
Colten,Colten
admin,admin
Colten,Colten
admin,admin
Colten,Colten
admin,admin
Colten,Colten
admin,admin
Colten,Colten
admin,admin
Colten,Colten
admin,admin
Colten,Colten
admin,admin
Colten,Colten
admin,admin
Colten,Colten
admin,admin
Colten,Colten
admin,admin
Colten,Colten
admin,admin
Colten,Colten
admin,admin
Colten,Colten
admin,admin
Colten,Colten
admin,admin
Colten,Colten
admin,admin
Colten,Colten
admin,admin
admin,admin
apple,apple
new,new
user,user2
